{"cameraMode":{"drawMode":0,"name":"Shaded","section":"Shading Mode"},"sceneLighting":true,"audioPlay":false,"sceneViewState":{"m_AlwaysRefresh":false,"showFog":true,"showSkybox":true,"showFlares":true,"showImageEffects":true,"showParticleSystems":true,"showVisualEffectGraphs":true,"m_FxEnabled":true},"in2DMode":false,"pivot":{"x":0.11248339712619782,"y":1.6990485191345215,"z":5.386025428771973},"rotation":{"x":0.024092208594083787,"y":0.964453399181366,"z":-0.2455560863018036,"w":0.09462625533342362},"size":0.6569780111312866,"orthographic":false}