{"cameraMode":{"drawMode":0,"name":"Shaded","section":"Shading Mode"},"sceneLighting":false,"audioPlay":false,"sceneViewState":{"m_AlwaysRefresh":false,"showFog":true,"showSkybox":false,"showFlares":true,"showImageEffects":true,"showParticleSystems":true,"showVisualEffectGraphs":true,"m_FxEnabled":true},"in2DMode":false,"pivot":{"x":0.03803718090057373,"y":0.9792592525482178,"z":-0.058575212955474856},"rotation":{"x":-0.08694617450237274,"y":0.9037177562713623,"z":-0.22030147910118104,"w":-0.35666465759277346},"size":1.447370171546936,"orthographic":false}