{"cameraMode":{"drawMode":0,"name":"Shaded","section":"Shading Mode"},"sceneLighting":true,"audioPlay":false,"sceneViewState":{"m_AlwaysRefresh":false,"showFog":true,"showSkybox":true,"showFlares":true,"showImageEffects":true,"showParticleSystems":true,"showVisualEffectGraphs":true,"m_FxEnabled":true},"in2DMode":false,"pivot":{"x":1.0646880865097047,"y":0.7674368023872376,"z":0.7102575898170471},"rotation":{"x":-0.08694617450237274,"y":0.9037177562713623,"z":-0.22030147910118104,"w":-0.35666465759277346},"size":2.8312883377075197,"orthographic":false}