{"cameraMode":{"drawMode":0,"name":"Shaded","section":"Shading Mode"},"sceneLighting":false,"audioPlay":false,"sceneViewState":{"m_AlwaysRefresh":false,"showFog":false,"showSkybox":false,"showFlares":false,"showImageEffects":false,"showParticleSystems":false,"showVisualEffectGraphs":true,"m_FxEnabled":true},"in2DMode":false,"pivot":{"x":-0.05123472213745117,"y":1.558232069015503,"z":0.14272022247314454},"rotation":{"x":0.16791248321533204,"y":-0.23985132575035096,"z":0.042161114513874057,"w":0.9552561044692993},"size":2.2500410079956056,"orthographic":false}