{"cameraMode":{"drawMode":0,"name":"Shaded","section":"Shading Mode"},"sceneLighting":false,"audioPlay":false,"sceneViewState":{"m_AlwaysRefresh":false,"showFog":false,"showSkybox":false,"showFlares":false,"showImageEffects":false,"showParticleSystems":false,"showVisualEffectGraphs":true,"m_FxEnabled":true},"in2DMode":false,"pivot":{"x":0.23964768648147584,"y":0.9038967490196228,"z":0.0543476939201355},"rotation":{"x":0.29060280323028567,"y":-0.2165670394897461,"z":0.06770534813404083,"w":0.9295533895492554},"size":1.492728590965271,"orthographic":false}