{"cameraMode":{"drawMode":0,"name":"Shaded","section":"Shading Mode"},"sceneLighting":false,"audioPlay":false,"sceneViewState":{"m_AlwaysRefresh":false,"showFog":false,"showSkybox":false,"showFlares":false,"showImageEffects":false,"showParticleSystems":false,"showVisualEffectGraphs":true,"m_FxEnabled":true},"in2DMode":false,"pivot":{"x":-0.2771627604961395,"y":0.8383818864822388,"z":-0.6513152122497559},"rotation":{"x":-0.013890289701521397,"y":0.9841494560241699,"z":-0.1523747742176056,"w":-0.08970420062541962},"size":1.2781305313110352,"orthographic":false}